2019-04-18T18:59:07.760832,JP,4/18毎木8時は竹田恒泰の「日本のソボクなギモン」第329回※後半ニコ生へ→http://bit.ly/2UoXQdp｜【公式】竹田恒泰チャンネル 2 のライブ ストリーム,zIBltNj4W-k
2019-04-18T19:29:12.017660,JP,4/18毎木8時は竹田恒泰の「日本のソボクなギモン」第329回※後半ニコ生へ→http://bit.ly/2UoXQdp｜【公式】竹田恒泰チャンネル 2 のライブ ストリーム,zIBltNj4W-k
2019-04-18T19:59:16.260907,JP,4/18毎木8時は竹田恒泰の「日本のソボクなギモン」第329回※後半ニコ生へ→http://bit.ly/2UoXQdp｜【公式】竹田恒泰チャンネル 2 のライブ ストリーム,zIBltNj4W-k
2019-04-18T20:29:19.538173,JP,4/18毎木8時は竹田恒泰の「日本のソボクなギモン」第329回※後半ニコ生へ→http://bit.ly/2UoXQdp｜【公式】竹田恒泰チャンネル 2 のライブ ストリーム,zIBltNj4W-k
2019-04-18T20:59:22.912970,JP,4/18毎木8時は竹田恒泰の「日本のソボクなギモン」第329回※後半ニコ生へ→http://bit.ly/2UoXQdp｜【公式】竹田恒泰チャンネル 2 のライブ ストリーム,zIBltNj4W-k
2019-04-18T21:29:26.108969,JP,4/18毎木8時は竹田恒泰の「日本のソボクなギモン」第329回※後半ニコ生へ→http://bit.ly/2UoXQdp｜【公式】竹田恒泰チャンネル 2 のライブ ストリーム,zIBltNj4W-k
2019-04-18T21:59:30.338839,JP,4/18毎木8時は竹田恒泰の「日本のソボクなギモン」第329回※後半ニコ生へ→http://bit.ly/2UoXQdp｜【公式】竹田恒泰チャンネル 2 のライブ ストリーム,zIBltNj4W-k
2019-04-18T22:29:33.894764,JP,4/18毎木8時は竹田恒泰の「日本のソボクなギモン」第329回※後半ニコ生へ→http://bit.ly/2UoXQdp｜【公式】竹田恒泰チャンネル 2 のライブ ストリーム,zIBltNj4W-k
2019-04-18T22:59:38.255170,JP,4/18毎木8時は竹田恒泰の「日本のソボクなギモン」第329回※後半ニコ生へ→http://bit.ly/2UoXQdp｜【公式】竹田恒泰チャンネル 2 のライブ ストリーム,zIBltNj4W-k
2019-04-18T23:29:41.551765,JP,4/18毎木8時は竹田恒泰の「日本のソボクなギモン」第329回※後半ニコ生へ→http://bit.ly/2UoXQdp｜【公式】竹田恒泰チャンネル 2 のライブ ストリーム,zIBltNj4W-k
2019-04-18T23:59:45.974589,JP,4/18毎木8時は竹田恒泰の「日本のソボクなギモン」第329回※後半ニコ生へ→http://bit.ly/2UoXQdp｜【公式】竹田恒泰チャンネル 2 のライブ ストリーム,zIBltNj4W-k
2019-04-19T00:29:50.216048,JP,4/18毎木8時は竹田恒泰の「日本のソボクなギモン」第329回※後半ニコ生へ→http://bit.ly/2UoXQdp｜【公式】竹田恒泰チャンネル 2 のライブ ストリーム,zIBltNj4W-k
2019-04-19T00:59:54.705126,JP,4/18毎木8時は竹田恒泰の「日本のソボクなギモン」第329回※後半ニコ生へ→http://bit.ly/2UoXQdp｜【公式】竹田恒泰チャンネル 2 のライブ ストリーム,zIBltNj4W-k
2019-04-19T01:29:58.000582,JP,4/18毎木8時は竹田恒泰の「日本のソボクなギモン」第329回※後半ニコ生へ→http://bit.ly/2UoXQdp｜【公式】竹田恒泰チャンネル 2 のライブ ストリーム,zIBltNj4W-k
2019-04-19T02:00:02.358153,JP,4/18毎木8時は竹田恒泰の「日本のソボクなギモン」第329回※後半ニコ生へ→http://bit.ly/2UoXQdp｜【公式】竹田恒泰チャンネル 2 のライブ ストリーム,zIBltNj4W-k
2019-04-19T02:30:05.478583,JP,4/18毎木8時は竹田恒泰の「日本のソボクなギモン」第329回※後半ニコ生へ→http://bit.ly/2UoXQdp｜【公式】竹田恒泰チャンネル 2 のライブ ストリーム,zIBltNj4W-k
2019-04-19T03:00:09.740697,JP,4/18毎木8時は竹田恒泰の「日本のソボクなギモン」第329回※後半ニコ生へ→http://bit.ly/2UoXQdp｜【公式】竹田恒泰チャンネル 2 のライブ ストリーム,zIBltNj4W-k
2019-04-19T03:30:13.904845,JP,4/18毎木8時は竹田恒泰の「日本のソボクなギモン」第329回※後半ニコ生へ→http://bit.ly/2UoXQdp｜【公式】竹田恒泰チャンネル 2 のライブ ストリーム,zIBltNj4W-k
2019-04-19T04:00:18.077545,JP,4/18毎木8時は竹田恒泰の「日本のソボクなギモン」第329回※後半ニコ生へ→http://bit.ly/2UoXQdp｜【公式】竹田恒泰チャンネル 2 のライブ ストリーム,zIBltNj4W-k
2019-04-19T04:30:21.257336,JP,4/18毎木8時は竹田恒泰の「日本のソボクなギモン」第329回※後半ニコ生へ→http://bit.ly/2UoXQdp｜【公式】竹田恒泰チャンネル 2 のライブ ストリーム,zIBltNj4W-k
2019-04-19T05:00:24.648992,JP,4/18毎木8時は竹田恒泰の「日本のソボクなギモン」第329回※後半ニコ生へ→http://bit.ly/2UoXQdp｜【公式】竹田恒泰チャンネル 2 のライブ ストリーム,zIBltNj4W-k
2019-04-19T05:30:28.892757,JP,4/18毎木8時は竹田恒泰の「日本のソボクなギモン」第329回※後半ニコ生へ→http://bit.ly/2UoXQdp｜【公式】竹田恒泰チャンネル 2 のライブ ストリーム,zIBltNj4W-k
2019-04-19T06:00:32.949570,JP,4/18毎木8時は竹田恒泰の「日本のソボクなギモン」第329回※後半ニコ生へ→http://bit.ly/2UoXQdp｜【公式】竹田恒泰チャンネル 2 のライブ ストリーム,zIBltNj4W-k
2019-04-19T06:30:36.205779,JP,4/18毎木8時は竹田恒泰の「日本のソボクなギモン」第329回※後半ニコ生へ→http://bit.ly/2UoXQdp｜【公式】竹田恒泰チャンネル 2 のライブ ストリーム,zIBltNj4W-k
2019-04-19T07:00:39.487825,JP,4/18毎木8時は竹田恒泰の「日本のソボクなギモン」第329回※後半ニコ生へ→http://bit.ly/2UoXQdp｜【公式】竹田恒泰チャンネル 2 のライブ ストリーム,zIBltNj4W-k
2019-04-19T07:30:43.227937,JP,4/18毎木8時は竹田恒泰の「日本のソボクなギモン」第329回※後半ニコ生へ→http://bit.ly/2UoXQdp｜【公式】竹田恒泰チャンネル 2 のライブ ストリーム,zIBltNj4W-k
2019-04-19T08:00:46.618435,JP,4/18毎木8時は竹田恒泰の「日本のソボクなギモン」第329回※後半ニコ生へ→http://bit.ly/2UoXQdp｜【公式】竹田恒泰チャンネル 2 のライブ ストリーム,zIBltNj4W-k
2019-04-19T08:30:50.872401,JP,4/18毎木8時は竹田恒泰の「日本のソボクなギモン」第329回※後半ニコ生へ→http://bit.ly/2UoXQdp｜【公式】竹田恒泰チャンネル 2 のライブ ストリーム,zIBltNj4W-k
2019-04-19T09:00:55.297715,JP,4/18毎木8時は竹田恒泰の「日本のソボクなギモン」第329回※後半ニコ生へ→http://bit.ly/2UoXQdp｜【公式】竹田恒泰チャンネル 2 のライブ ストリーム,zIBltNj4W-k
2019-04-19T09:30:59.791415,JP,4/18毎木8時は竹田恒泰の「日本のソボクなギモン」第329回※後半ニコ生へ→http://bit.ly/2UoXQdp｜【公式】竹田恒泰チャンネル 2 のライブ ストリーム,zIBltNj4W-k
2019-04-19T10:01:03.135212,JP,4/18毎木8時は竹田恒泰の「日本のソボクなギモン」第329回※後半ニコ生へ→http://bit.ly/2UoXQdp｜【公式】竹田恒泰チャンネル 2 のライブ ストリーム,zIBltNj4W-k
2019-04-19T10:31:07.426051,JP,4/18毎木8時は竹田恒泰の「日本のソボクなギモン」第329回※後半ニコ生へ→http://bit.ly/2UoXQdp｜【公式】竹田恒泰チャンネル 2 のライブ ストリーム,zIBltNj4W-k
2019-04-19T11:01:10.767571,JP,4/18毎木8時は竹田恒泰の「日本のソボクなギモン」第329回※後半ニコ生へ→http://bit.ly/2UoXQdp｜【公式】竹田恒泰チャンネル 2 のライブ ストリーム,zIBltNj4W-k
2019-04-19T11:31:15.167685,JP,4/18毎木8時は竹田恒泰の「日本のソボクなギモン」第329回※後半ニコ生へ→http://bit.ly/2UoXQdp｜【公式】竹田恒泰チャンネル 2 のライブ ストリーム,zIBltNj4W-k
2019-04-19T12:01:18.550357,JP,4/18毎木8時は竹田恒泰の「日本のソボクなギモン」第329回※後半ニコ生へ→http://bit.ly/2UoXQdp｜【公式】竹田恒泰チャンネル 2 のライブ ストリーム,zIBltNj4W-k
2019-04-19T12:31:22.961101,JP,4/18毎木8時は竹田恒泰の「日本のソボクなギモン」第329回※後半ニコ生へ→http://bit.ly/2UoXQdp｜【公式】竹田恒泰チャンネル 2 のライブ ストリーム,zIBltNj4W-k
2019-04-19T13:01:26.334395,JP,4/18毎木8時は竹田恒泰の「日本のソボクなギモン」第329回※後半ニコ生へ→http://bit.ly/2UoXQdp｜【公式】竹田恒泰チャンネル 2 のライブ ストリーム,zIBltNj4W-k
2019-04-19T13:31:30.926084,JP,4/18毎木8時は竹田恒泰の「日本のソボクなギモン」第329回※後半ニコ生へ→http://bit.ly/2UoXQdp｜【公式】竹田恒泰チャンネル 2 のライブ ストリーム,zIBltNj4W-k
2019-04-19T14:01:35.208121,JP,4/18毎木8時は竹田恒泰の「日本のソボクなギモン」第329回※後半ニコ生へ→http://bit.ly/2UoXQdp｜【公式】竹田恒泰チャンネル 2 のライブ ストリーム,zIBltNj4W-k
2019-04-19T14:31:39.783186,JP,4/18毎木8時は竹田恒泰の「日本のソボクなギモン」第329回※後半ニコ生へ→http://bit.ly/2UoXQdp｜【公式】竹田恒泰チャンネル 2 のライブ ストリーム,zIBltNj4W-k
2019-04-19T15:01:43.981103,JP,4/18毎木8時は竹田恒泰の「日本のソボクなギモン」第329回※後半ニコ生へ→http://bit.ly/2UoXQdp｜【公式】竹田恒泰チャンネル 2 のライブ ストリーム,zIBltNj4W-k
2019-04-19T15:31:48.027867,JP,4/18毎木8時は竹田恒泰の「日本のソボクなギモン」第329回※後半ニコ生へ→http://bit.ly/2UoXQdp｜【公式】竹田恒泰チャンネル 2 のライブ ストリーム,zIBltNj4W-k
2019-04-19T16:01:52.275950,JP,4/18毎木8時は竹田恒泰の「日本のソボクなギモン」第329回※後半ニコ生へ→http://bit.ly/2UoXQdp｜【公式】竹田恒泰チャンネル 2 のライブ ストリーム,zIBltNj4W-k
2019-04-19T16:31:56.512335,JP,4/18毎木8時は竹田恒泰の「日本のソボクなギモン」第329回※後半ニコ生へ→http://bit.ly/2UoXQdp｜【公式】竹田恒泰チャンネル 2 のライブ ストリーム,zIBltNj4W-k
2019-04-19T17:01:59.787962,JP,4/18毎木8時は竹田恒泰の「日本のソボクなギモン」第329回※後半ニコ生へ→http://bit.ly/2UoXQdp｜【公式】竹田恒泰チャンネル 2 のライブ ストリーム,zIBltNj4W-k
2019-04-19T17:32:03.988728,JP,4/18毎木8時は竹田恒泰の「日本のソボクなギモン」第329回※後半ニコ生へ→http://bit.ly/2UoXQdp｜【公式】竹田恒泰チャンネル 2 のライブ ストリーム,zIBltNj4W-k
2019-04-19T18:02:08.319244,JP,4/18毎木8時は竹田恒泰の「日本のソボクなギモン」第329回※後半ニコ生へ→http://bit.ly/2UoXQdp｜【公式】竹田恒泰チャンネル 2 のライブ ストリーム,zIBltNj4W-k
